Nombre;Descripcion corta;Categoria padre;Categoria;ID
ACTIV-COLOR;Detergente higienizante clorado para superficies;INDUSTRIA EN GENERAL;DETERGENTES Y DESENGRASANTES;ID-01
ZOSY D;Desengrasante industrial apto para uso en industria alimentaria;INDUSTRIA EN GENERAL;DETERGENTES Y DESENGRASANTES;ID-02
CHEMGRAS DS;Desengrasante multiusos apto industria alimentaria;INDUSTRIA EN GENERAL;DETERGENTES Y DESENGRASANTES;ID-03
CHEMGRAS AS FT;Desengrasante multiusos;INDUSTRIA EN GENERAL;DETERGENTES Y DESENGRASANTES;ID-04
CHEMGRAS BAC;Desengrasante energico higienizante-sanitizante;INDUSTRIA EN GENERAL;DETERGENTES Y DESENGRASANTES;ID-05
VITSOL;Desengrasante – desodorizante limpiador – abrillantador;INDUSTRIA EN GENERAL;DETERGENTES Y DESENGRASANTES;ID-06
XAMPIX;Desengrasante desodorizante;INDUSTRIA EN GENERAL;DETERGENTES Y DESENGRASANTES;ID-07
BRINET AML;Detergente liquido amoniacal concentrado;INDUSTRIA EN GENERAL;DETERGENTES Y DESENGRASANTES;ID-08
BRINET BQ;Fregasuelos base bioalcohol;INDUSTRIA EN GENERAL;DETERGENTES Y DESENGRASANTES;ID-09
BRINET L;Fregasuelos higienizante perfumado;INDUSTRIA EN GENERAL;DETERGENTES Y DESENGRASANTES;ID-10
BRINET MG;Detergente fregasuelos de uso general para máquinas automáticas;INDUSTRIA EN GENERAL;DETERGENTES Y DESENGRASANTES;ID-11
CHEMGRAS EC;Desengrasante multiusos;INDUSTRIA EN GENERAL;DETERGENTES Y DESENGRASANTES;ID-12
CHEMGRAS GC;Detergente para máquinas fregadoras e inyección-extracción;INDUSTRIA EN GENERAL;DETERGENTES Y DESENGRASANTES;ID-13
DERGEL CMB;Gel de manos;INDUSTRIA EN GENERAL;HIGIENE DE MANOS;IM-01
DERGEL NB;Gel nacarado para higiene personal;INDUSTRIA EN GENERAL;HIGIENE DE MANOS;IM-02
DERGEL SO;Gel para lavado de manos sin residuo, especial industria alimentaria;INDUSTRIA EN GENERAL;HIGIENE DE MANOS;IM-03
DETER-PAST;Pasta de manos exenta de disolventes;INDUSTRIA EN GENERAL;HIGIENE DE MANOS;IM-04
GELPAST BPP;Pasta de manos con piedra pómez;INDUSTRIA EN GENERAL;HIGIENE DE MANOS;IM-05
LICOGEL;Gel sanitizante base hidroalcohólica para uso directo;INDUSTRIA EN GENERAL;HIGIENE DE MANOS;IM-06
HIDROSAN;Higienizante hidroalcohólico para manos;INDUSTRIA EN GENERAL;HIGIENE DE MANOS;IM-07
CHEMFORT LC;Desincrustante de circuitos;INDUSTRIA EN GENERAL;TALLERES MANTENIMIENTO Y AUTOMOCION;IT-01
CHEMFORT WC;Desatascador químico de cañerías;INDUSTRIA EN GENERAL;TALLERES MANTENIMIENTO Y AUTOMOCION;IT-02
CLINELEC;Limpiador de equipos y motores eléctricos;INDUSTRIA EN GENERAL;TALLERES MANTENIMIENTO Y AUTOMOCION;IT-03
NETIND;Disolvente desengrasante y protector;INDUSTRIA EN GENERAL;TALLERES MANTENIMIENTO Y AUTOMOCION;IT-04
DESLUB;Aflojatodo desbloqueante;INDUSTRIA EN GENERAL;TALLERES MANTENIMIENTO Y AUTOMOCION;IT-05
OXINOX GR;Desbloqueante aflojatodo;INDUSTRIA EN GENERAL;TALLERES MANTENIMIENTO Y AUTOMOCION;IT-06
SUPERLUB RP;Lubricante multiuso con PTFE;INDUSTRIA EN GENERAL;TALLERES MANTENIMIENTO Y AUTOMOCION;IT-07
CHEMGRAS CAR;Desengrasante concentrado para carrocerías;INDUSTRIA EN GENERAL;TALLERES MANTENIMIENTO Y AUTOMOCION;IT-08
CHEMICAR DE;Descarbonizante;INDUSTRIA EN GENERAL;TALLERES MANTENIMIENTO Y AUTOMOCION;IT-09
EMULCHEM MA;Desengrasante petroleado de motores emulsionable en agua;INDUSTRIA EN GENERAL;TALLERES MANTENIMIENTO Y AUTOMOCION;IT-10
A-5;Limpiador general exento de silicona;INDUSTRIA EN GENERAL;HOSTELERIA;IH-01
WINDOW CLEANER;Detergente limpia cristales multiusos;INDUSTRIA EN GENERAL;HOSTELERIA;IH-02
CHEMGLAS CR;Detergente limpia cristales;INDUSTRIA EN GENERAL;HOSTELERIA;IH-03
AIRGEN;Ambientador pulverizable;INDUSTRIA EN GENERAL;HOSTELERIA;IH-04
DETERMATIC 50 PLUS;Detergente lavavajillas para aguas duras;INDUSTRIA EN GENERAL;HOSTELERIA;IH-05
BRILLMATIC 40;Abrillantador lavavajillas para aguas duras;INDUSTRIA EN GENERAL;HOSTELERIA;IH-06
DESENMATIC;Desincrustante para máquinas automáticas;INDUSTRIA EN GENERAL;HOSTELERIA;IH-07
CHEMGRAS PL;Desengrasante de planchas y cocinas;INDUSTRIA EN GENERAL;HOSTELERIA;IH-08
CHEMFORT CRQ;Limpiador químico de cemento;INDUSTRIA EN GENERAL;CONSTRUCCION Y PINTURAS;IC-01
MEZPLAS;Aditivo especial para mortero;INDUSTRIA EN GENERAL;CONSTRUCCION Y PINTURAS;IC-02
MOLDOIL;Desencofrante-desmoldante para hormigón soluble en agua;INDUSTRIA EN GENERAL;CONSTRUCCION Y PINTURAS;IC-03
SELLADORA SUELOS;Imprimación penetrante (selladora) epoxi al disolvente de dos componentes;INDUSTRIA EN GENERAL;CONSTRUCCION Y PINTURAS;IC-04
SELLADORA AUTONIVELANTE;Imprimación penetrante epoxi sin disolventes de dos componentes;INDUSTRIA EN GENERAL;CONSTRUCCION Y PINTURAS;IC-05
EPOXI SUELOS;Revestimiento epoxi especial para pavimentos industriales;INDUSTRIA EN GENERAL;CONSTRUCCION Y PINTURAS;IC-06
EPOXI AUTONIVELANTE;Revestimiento epoxi de dos componentes;INDUSTRIA EN GENERAL;CONSTRUCCION Y PINTURAS;IC-07
CHEMDUR S/D INCOLORO;Recubrimiento epoxi 100% sólidos para protección de pavimentos de hormigón;INDUSTRIA EN GENERAL;CONSTRUCCION Y PINTURAS;IC-08
SELLADORA EPOXI AUTONIVELANTE AL AGUA;Imprimación penetrante epoxi al agua de dos componentes;INDUSTRIA EN GENERAL;CONSTRUCCION Y PINTURAS;IC-09
ALICLOR COMPLET;Detergente clorado fungicida bactericida;INDUSTRIA ALIMENTARIA;DETERGENTES DESENGRASANTES Y BIOCIDAS;AD-01
BACTER CHEM;Detergente higienizante;INDUSTRIA ALIMENTARIA;DETERGENTES DESENGRASANTES Y BIOCIDAS;AD-02
TUNELIMP CL;Detergente clorado para túneles de lavado industrial;INDUSTRIA ALIMENTARIA;DETERGENTES DESENGRASANTES Y BIOCIDAS;AD-03
TUNELIMP;Detergente para túneles de lavado industrial;INDUSTRIA ALIMENTARIA;DETERGENTES DESENGRASANTES Y BIOCIDAS;AD-04
DERGEL CMB;Gel de manos;INDUSTRIA ALIMENTARIA;HIGIENE DE MANOS;AM-01
DERGEL NB;Gel nacarado para higiene personal;INDUSTRIA ALIMENTARIA;HIGIENE DE MANOS;AM-02
DERGEL SO;Gel para lavado de manos sin residuo, especial industria alimentaria;INDUSTRIA ALIMENTARIA;HIGIENE DE MANOS;AM-03
DETER-PAST;Pasta de manos exenta de disolventes;INDUSTRIA ALIMENTARIA;HIGIENE DE MANOS;AM-04
GELPAST BPP;Pasta de manos con piedra pómez;INDUSTRIA ALIMENTARIA;HIGIENE DE MANOS;AM-05
LICOGEL;Gel sanitizante base hidroalcohólica para uso directo;INDUSTRIA ALIMENTARIA;HIGIENE DE MANOS;AM-06
HIDROSAN;Higienizante hidroalcohólico para manos;INDUSTRIA ALIMENTARIA;HIGIENE DE MANOS;AM-07
TR-20;Aditivo especial para aguas de lavado;INDUSTRIA ALIMENTARIA;ADITIVOS E HIGIENIZANTES ESPECIALES;AA-01
HIDROBRILL;Secante abrillantador de verduras y hortalizas;INDUSTRIA ALIMENTARIA;ADITIVOS E HIGIENIZANTES ESPECIALES;AA-02
OXISAN;Producto oxigenado para evitar la contaminación cruzada en aguas de lavado en industria alimentaria;INDUSTRIA ALIMENTARIA;ADITIVOS E HIGIENIZANTES ESPECIALES;AA-03
ACEITE DE VASELINA MEDICINAL V.80;Aceite medicinal ligero;INDUSTRIA ALIMENTARIA;ADITIVOS E HIGIENIZANTES ESPECIALES;AA-04
